City_ID,City,Lat,Lng,Max Temp,Humidity,Cloudiness,Wind Speed,Country,Date
0,adamstown,-25.066,-130.1015,22.75,82,60,8.57,PN,1703807964
1,ta`u,-14.2336,-169.5144,27.83000000000004,74,100,1.45,AS,1703807965
2,sinan,34.8262,126.1086,5.689999999999998,67,26,3.41,KR,1703807966
3,kampong cham,11.9934,105.4635,23.55000000000001,80,7,4.11,KH,1703807967
4,flin flon,54.7682,-101.865,-5.089999999999975,80,0,1.03,CA,1703807969
5,souillac,-20.5167,57.5167,25.210000000000036,83,40,1.54,MU,1703807969
6,arawa,-6.2132,155.5367,31.450000000000045,65,97,0.48,PG,1703807971
7,athi river,-1.4507,36.9824,16.360000000000014,95,99,1.71,KE,1703807972
8,lihue,21.9789,-159.3672,26.58000000000004,86,78,5.56,US,1703807897
9,ribeira grande,38.5167,-28.7,16.350000000000023,72,11,3.67,PT,1703807974
10,ushuaia,-54.8,-68.3,5.810000000000002,65,75,10.29,AR,1703807951
11,invercargill,-46.4,168.35,17.230000000000018,94,100,1.34,NZ,1703807976
12,mount pearl,47.5166,-52.7813,-1.589999999999975,72,75,2.68,CA,1703807678
13,hawaiian paradise park,19.5933,-154.9731,26.730000000000018,74,0,4.12,US,1703807978
14,bethel,41.3712,-73.414,9.379999999999995,91,100,3.09,US,1703807980
15,zemio,5.0314,25.1361,24.83000000000004,34,57,1.62,CF,1703807981
16,todos santos,23.45,-110.2167,24.689999999999998,63,0,7.17,MX,1703807982
17,rongelap,11.1635,166.8941,27.510000000000048,83,80,7.19,MH,1703807983
18,edinburgh of the seven seas,-37.0676,-12.3116,15.720000000000027,77,100,4.99,SH,1703807984
19,albany,42.6001,-73.9662,7.9500000000000455,84,100,1.03,US,1703807919
20,talnakh,69.4865,88.3972,-19.889999999999986,82,100,1.84,RU,1703807987
21,pearsall,28.8922,-99.095,15.770000000000039,48,7,1.96,US,1703807988
22,gidam,18.9833,81.4,14.410000000000025,57,21,0.72,IN,1703807989
23,hasaki,35.7333,140.8333,7.3799999999999955,55,2,3.86,JP,1703807990
24,bouna,9.2667,-3.0,22.77000000000004,16,18,1.54,CI,1703807992
25,jamestown,42.097,-79.2353,6.800000000000011,87,100,2.57,US,1703807993
26,college,64.8569,-147.8028,-26.00999999999999,76,40,0.0,US,1703807994
27,west island,-12.1568,96.8225,26.650000000000034,83,8,7.7,CC,1703807995
28,thompson,55.7435,-97.8558,-9.849999999999966,97,43,0.93,CA,1703807996
29,atkarsk,51.8718,45.0078,-4.1299999999999955,91,99,5.74,RU,1703807997
30,blackmans bay,-43.0167,147.3167,16.52000000000004,53,42,0.89,AU,1703807998
31,waitangi,-43.9535,-176.5597,14.670000000000016,77,100,9.58,NZ,1703807999
32,cobija,-11.0267,-68.7692,30.100000000000023,70,75,2.06,BO,1703808000
33,krasnoarmeysk,51.0239,45.6969,-3.2899999999999636,88,80,7.98,RU,1703808003
34,port saint john's,-31.6229,29.5448,20.189999999999998,79,75,7.46,ZA,1703808005
35,tura,25.5198,90.2201,15.220000000000027,83,0,1.62,IN,1703808006
36,ilulissat,69.2167,-51.1,-19.919999999999987,99,100,3.49,GL,1703808008
37,kashiwazaki,37.3667,138.55,5.07000000000005,73,100,6.39,JP,1703808009
38,borogontsy,62.6683,131.1683,-49.869999999999976,100,78,0.23,RU,1703808010
39,grytviken,-54.2811,-36.5092,0.22000000000002728,97,70,4.06,GS,1703807959
40,lebu,-37.6167,-73.65,14.520000000000039,91,55,3.13,CL,1703808013
41,longyearbyen,78.2186,15.6401,-7.659999999999968,90,86,3.41,SJ,1703808014
42,bredasdorp,-34.5322,20.0403,19.960000000000036,87,96,5.57,ZA,1703808015
43,acajutla,13.5928,-89.8275,26.920000000000016,73,31,3.79,SV,1703808017
44,badger,64.8,-147.5333,-26.049999999999983,76,40,0.0,US,1703808018
45,tiksi,71.6872,128.8694,-32.839999999999975,100,100,1.63,RU,1703808020
46,poronaysk,49.2167,143.1167,-19.889999999999986,90,11,1.36,RU,1703808021
47,iqaluit,63.7506,-68.5145,-20.149999999999977,76,40,1.03,CA,1703808022
48,yellowknife,62.456,-114.3525,-9.70999999999998,79,100,2.06,CA,1703808023
49,olonkinbyen,70.9221,-8.7187,-8.989999999999952,82,100,9.09,SJ,1703808024
50,chernyshevskiy,63.0128,112.4714,-43.45999999999998,100,61,0.5,RU,1703808025
51,avarua,-21.2078,-159.775,24.79000000000002,68,100,4.36,CK,1703808026
52,haiku-pauwela,20.9219,-156.3051,24.010000000000048,65,75,5.66,US,1703808028
53,nizhnyaya tavda,57.6731,66.1725,-2.3799999999999955,97,100,4.34,RU,1703808030
54,wailua homesteads,22.0669,-159.378,26.24000000000001,89,87,0.89,US,1703808033
55,bilibino,68.0546,166.4372,-37.39999999999998,100,100,0.95,RU,1703808034
56,st. john's,47.5649,-52.7093,-1.579999999999984,71,75,2.57,CA,1703807758
57,nuuk,64.1835,-51.7216,-13.989999999999952,80,8,1.61,GL,1703808037
58,kuta,-8.7233,115.1723,28.890000000000043,88,98,2.24,ID,1703808038
59,udalguri,26.7667,92.1333,14.740000000000009,53,0,1.97,IN,1703808040
60,cill airne,52.05,-9.5167,7.140000000000043,75,96,5.94,IE,1703808041
61,nikolayevsk-on-amure,53.1406,140.73,-24.96999999999997,92,10,1.92,RU,1703808042
62,cuorgne,45.3895,7.6499,7.590000000000032,83,78,1.44,IT,1703808043
63,dudinka,69.4058,86.1778,-19.659999999999968,92,100,1.16,RU,1703808044
64,oranjemund,-28.55,16.4333,16.650000000000034,88,22,2.93,,1703808045
65,uromi,6.7,6.3333,21.680000000000007,32,6,1.14,NG,1703808046
66,namibe,-15.1961,12.1522,20.80000000000001,80,33,3.08,AO,1703808048
67,motueka,-41.1333,173.0167,21.170000000000016,84,91,3.1,NZ,1703808049
68,bilthra,26.1231,83.8689,13.689999999999998,80,0,1.25,IN,1703808050
69,brisas de zicatela,15.8369,-97.0419,25.400000000000034,75,57,1.44,MX,1703808051
70,ferkessedougou,9.6,-5.2,22.450000000000045,14,15,2.2,CI,1703808052
71,nouadhibou,20.931,-17.0347,20.99000000000001,52,9,4.63,MR,1703808054
72,colonia,50.9333,6.95,11.57000000000005,71,75,6.17,DE,1703808055
73,kargasok,59.0556,80.8572,-4.310000000000002,95,97,4.38,RU,1703808056
74,aasiaat,68.7098,-52.8699,-16.649999999999977,89,97,0.71,GL,1703808057
75,santo antonio do ica,-3.1022,-67.9397,23.010000000000048,98,100,1.12,BR,1703808058
76,colac,-38.3333,143.5833,14.910000000000025,44,4,1.82,AU,1703808059
77,tromso,69.6496,18.957,-8.049999999999955,89,89,3.43,NO,1703808060
78,mcpherson,38.3708,-97.6642,2.0500000000000114,85,35,4.0,US,1703807904
79,pittsfield,42.4501,-73.2454,7.760000000000048,84,100,5.14,US,1703808033
80,lata,40.1629,-8.3327,11.150000000000034,90,100,1.54,PT,1703808063
81,salekhard,66.53,66.6019,-8.75,95,100,6.47,RU,1703808065
82,azua,18.4532,-70.7349,25.439999999999998,92,96,1.2,DO,1703808004
83,gaiman,-43.2897,-65.4929,12.920000000000016,58,27,10.27,AR,1703808067
84,novi pazar,43.1367,20.5122,5.830000000000041,72,4,1.0,RS,1703808068
85,port-aux-francais,-49.35,70.2167,3.3799999999999955,78,99,15.67,TF,1703808069
86,newman,37.3138,-121.0208,19.57000000000005,74,39,1.92,US,1703807788
87,papatowai,-46.5619,169.4708,16.78000000000003,71,100,2.44,NZ,1703808071
88,island harbour,50.724,-1.2758,11.07000000000005,85,88,4.02,GB,1703808072
89,puerto natales,-51.7236,-72.4875,7.270000000000039,71,66,5.32,CL,1703808073
90,whitehorse,60.7161,-135.0538,-11.569999999999993,85,75,1.54,CA,1703808074
91,nemuro,43.3236,145.575,-2.339999999999975,68,31,4.46,JP,1703808031
92,trofa,41.3065,-8.5764,12.310000000000002,100,100,4.39,PT,1703808076
93,puerto ayora,-0.7393,-90.3518,25.310000000000002,94,80,2.68,EC,1703808077
94,solone,48.2081,34.8721,1.6899999999999977,84,82,5.64,UA,1703808078
95,thinadhoo,0.5333,72.9333,27.80000000000001,77,100,1.85,MV,1703808079
96,stjordalshalsen,63.4681,10.9262,-2.269999999999982,87,100,2.47,NO,1703808080
97,tofol,5.3248,163.0078,31.879999999999995,70,75,1.03,FM,1703808081
98,stanley,54.868,-1.6985,7.010000000000048,83,75,9.77,GB,1703808082
99,ad dabbah,18.05,30.95,15.129999999999995,44,1,4.92,SD,1703808085
100,qina,26.1642,32.7267,14.610000000000014,75,0,1.61,EG,1703808086
101,katsuura,35.1333,140.3,9.670000000000016,57,0,2.92,JP,1703808087
102,isafjordur,66.0755,-23.124,-8.889999999999986,86,89,2.02,IS,1703808089
103,qusmuryn,52.4503,64.6311,-0.7999999999999545,95,100,7.28,KZ,1703808090
104,iskateley,67.6803,53.1512,-17.769999999999982,97,26,3.58,RU,1703808092
105,ouarzazat,30.9189,-6.8934,8.82000000000005,21,71,0.91,MA,1703808093
106,bamboo flat,11.7,92.7167,26.620000000000005,74,48,5.3,IN,1703808094
107,esik,43.3552,77.4525,-2.319999999999993,51,60,4.64,KZ,1703808095
108,port mathurin,-19.6833,63.4167,26.980000000000018,77,43,2.1,MU,1703808097
109,fortuna,40.5982,-124.1573,17.77000000000004,73,99,2.24,US,1703808007
110,hengchun,22.0042,120.7439,22.950000000000045,74,23,8.22,TW,1703808099
111,nova vicosa,-17.8919,-39.3719,24.980000000000018,92,50,3.22,BR,1703808100
112,myeik,12.4333,98.6,22.78000000000003,67,22,1.95,MM,1703808101
113,rioverde,21.9333,-99.9833,16.160000000000025,69,28,5.17,MX,1703808102
114,argo,37.6333,22.7333,10.860000000000014,70,0,1.29,GR,1703808103
115,ebon,4.582,168.6964,28.629999999999995,79,61,4.51,MH,1703808104
116,holualoa,19.6228,-155.9522,23.210000000000036,87,7,3.3,US,1703808105
117,arinos,-15.9169,-46.1056,24.58000000000004,79,75,0.8,BR,1703808106
118,tual,-5.6667,132.75,28.450000000000045,73,35,0.62,ID,1703808108
119,hafnarfjordur,64.0671,-21.9377,-0.7899999999999636,100,75,0.51,IS,1703808109
120,paramonga,-10.6667,-77.8333,22.55000000000001,82,76,3.02,PE,1703808110
121,sitka,57.0531,-135.33,3.680000000000007,92,100,3.93,US,1703808112
122,yarmouth,41.7057,-70.2286,10.050000000000011,97,100,7.6,US,1703808113
123,arcachon,44.5875,-1.0519,8.03000000000003,93,87,0.51,FR,1703808114
124,queenstown,-31.8976,26.8753,14.360000000000014,93,99,0.83,ZA,1703808028
125,hauterive,46.0901,3.4459,9.050000000000011,67,87,2.97,FR,1703808116
126,notodden,59.5594,9.2585,-3.4699999999999704,92,100,2.46,NO,1703808118
127,mostaganem,35.9311,0.0892,14.260000000000048,65,62,0.99,DZ,1703808119
128,rajur,20.1167,78.9167,16.980000000000018,54,50,1.54,IN,1703808120
129,remire-montjoly,4.9167,-52.2667,26.02000000000004,94,20,1.03,GF,1703808121
130,morogoro,-6.8167,37.6667,22.140000000000043,98,88,0.89,TZ,1703808122
131,codrington,-38.2667,141.9667,16.900000000000034,55,19,4.77,AU,1703808124
132,vila franca do campo,37.7167,-25.4333,12.939999999999998,77,0,1.71,PT,1703808125
133,pont rouge,48.8833,-72.0825,-8.939999999999998,87,2,0.3,CA,1703808126
134,terenozek,45.05,64.9833,2.1200000000000045,70,94,11.67,KZ,1703808128
135,olyokminsk,60.3736,120.4264,-32.65999999999997,100,99,0.62,RU,1703808129
136,san patricio,28.017,-97.5169,15.400000000000034,53,5,1.29,US,1703808130
137,porto novo,6.4965,2.6036,28.900000000000034,82,46,2.08,BJ,1703808131
138,rock falls,41.7798,-89.689,1.330000000000041,98,100,4.63,US,1703808132
139,wenchang,30.904,118.4887,6.670000000000016,82,35,0.71,CN,1703808133
140,antonio enes,-16.2325,39.9086,26.53000000000003,87,100,0.99,MZ,1703808134
141,hamilton,39.1834,-84.5333,4.020000000000039,74,100,4.12,US,1703808135
142,gereida,11.2811,25.1414,18.890000000000043,24,44,5.95,SD,1703808138
143,klyuchi,52.2667,79.1667,-1.2999999999999545,84,100,8.98,RU,1703808139
144,laojunmiao,39.8333,97.7333,-5.599999999999966,42,18,2.46,CN,1703808139
145,port elizabeth,-33.918,25.5701,17.950000000000045,89,97,1.34,ZA,1703808141
146,kingston,17.997,-76.7936,27.53000000000003,86,20,3.09,JM,1703807846
147,tazovsky,67.4667,78.7,-15.379999999999995,96,93,4.42,RU,1703808143
148,'alaqahdari dishu,30.4374,63.313,13.060000000000002,27,8,2.11,AF,1703808144
149,mount gambier,-37.8333,140.7667,17.870000000000005,47,2,3.4,AU,1703808145
150,qom,34.6401,50.8764,9.04000000000002,63,12,3.2,IR,1703808111
151,kruisfontein,-34.0033,24.7314,17.430000000000007,85,100,3.23,ZA,1703808147
152,sao vicente,-23.9631,-46.3919,27.930000000000007,84,3,1.37,BR,1703807867
153,monchegorsk,67.9397,32.8739,-15.229999999999961,99,96,1.52,RU,1703808149
154,arraial do cabo,-22.9661,-42.0278,23.980000000000018,83,0,5.66,BR,1703808150
155,chita,52.0333,113.55,-21.059999999999974,77,100,0.0,RU,1703808151
156,lompoc,34.6391,-120.4579,21.5,67,38,1.79,US,1703808153
157,caleta de carquin,-11.0925,-77.6267,22.710000000000036,81,94,3.32,PE,1703808154
158,abepura,-2.6333,140.5833,24.450000000000045,94,40,0.51,ID,1703808155
159,hami,42.8,93.45,-8.069999999999993,75,11,1.75,CN,1703808156
160,sumbe,-11.2061,13.8437,25.53000000000003,84,99,3.04,AO,1703808157
161,nyurba,63.2842,118.3319,-39.74999999999997,100,99,0.84,RU,1703808158
162,linhares,-19.3911,-40.0722,22.620000000000005,88,46,1.34,BR,1703808160
163,ixtapa,20.7,-105.2,25.57000000000005,53,0,3.6,MX,1703808161
164,port lincoln,-34.7333,135.8667,17.74000000000001,71,27,8.07,AU,1703808162
165,ystalyfera,51.7672,-3.7808,10.140000000000043,79,92,9.13,GB,1703808164
166,harrisburg,40.2737,-76.8844,12.080000000000041,84,100,1.54,US,1703807904
167,pedro ii,-4.4247,-41.4586,25.52000000000004,60,100,1.67,BR,1703808166
168,corner brook,48.9667,-57.9484,-5.989999999999952,88,31,1.71,CA,1703808167
169,grand falls-windsor,48.9332,-55.6649,-6.939999999999998,80,16,1.68,CA,1703808168
170,cockburn town,21.4612,-71.1419,25.360000000000014,74,53,3.53,TC,1703808169
171,enewetak,11.3474,162.3373,27.610000000000014,83,64,6.81,MH,1703808171
172,macherla,16.4833,79.4333,18.200000000000045,92,27,1.05,IN,1703808172
173,zakynthos,37.7914,20.8953,13.870000000000005,77,7,0.86,GR,1703808173
174,salym,60.0625,71.4789,-4.3799999999999955,95,100,5.22,RU,1703808174
175,hovd,48.0056,91.6419,-12.699999999999989,62,0,3.54,MN,1703808175
176,margaret river,-33.95,115.0667,16.140000000000043,67,13,6.59,AU,1703808176
177,cidreira,-30.1811,-50.2056,23.03000000000003,86,2,4.82,BR,1703808177
178,hadibu,12.65,54.0333,23.689999999999998,78,90,3.38,YE,1703808178
179,constantia,44.1833,28.65,4.3799999999999955,74,68,3.86,RO,1703808179
180,santa helena de goias,-17.8136,-50.5969,27.900000000000034,50,43,0.61,BR,1703808180
181,daru,-9.0763,143.2092,30.160000000000025,68,99,2.96,PG,1703808182
182,kodiak,57.79,-152.4072,-1.2699999999999818,64,0,2.57,US,1703808183
183,torit,4.4133,32.5678,26.060000000000002,50,87,0.31,SS,1703808184
184,carolina beach,34.0352,-77.8936,13.340000000000032,64,67,4.11,US,1703808185
185,parauapebas,-6.0675,-49.9022,24.620000000000005,84,80,0.34,BR,1703808186
186,manggar,-2.8833,108.2667,27.53000000000003,80,79,1.58,ID,1703808187
187,palmer,42.1584,-72.3287,6.900000000000034,72,100,1.79,US,1703808188
188,kodinsk,58.6881,99.1844,-14.039999999999964,97,100,0.86,RU,1703808189
189,uturoa,-16.7333,-151.4333,27.439999999999998,83,83,6.36,PF,1703808191
190,xinyuan,37.3,99.0,-11.620000000000005,52,2,4.55,CN,1703808192
191,chertkovo,49.3847,40.1547,-0.9699999999999704,83,71,4.91,RU,1703808193
192,walvis bay,-22.9575,14.5053,17.27000000000004,94,0,1.03,,1703808194
193,tralee,52.2704,-9.7026,7.920000000000016,72,93,7.94,IE,1703808195
194,saipan,15.1355,145.701,27.5,73,72,9.26,MP,1703808197
195,ayr,55.4627,-4.6339,7.9500000000000455,79,79,12.81,GB,1703808198
196,sint-gillis-waas,51.228,4.1206,11.29000000000002,81,100,4.47,BE,1703808199
197,bonthe,7.5264,-12.505,25.480000000000018,84,17,1.3,SL,1703808200
198,richfield,44.8833,-93.283,2.0600000000000023,88,100,4.63,US,1703807970
199,ponta pora,-22.5361,-55.7256,26.52000000000004,46,50,2.13,BR,1703808121
200,tercan,39.7794,40.3925,-4.829999999999984,93,51,1.48,TR,1703808202
201,udachny,66.4167,112.4,-39.17999999999998,100,68,0.68,RU,1703808203
202,vorgashor,67.5833,63.95,-12.049999999999955,89,100,3.91,RU,1703808204
203,mejit,10.2753,170.8646,27.350000000000023,81,95,7.76,MH,1703808205
204,yuzhno-kurilsk,44.0306,145.8556,-2.569999999999993,63,99,4.01,RU,1703808206
205,gubbio,43.3545,12.5725,9.03000000000003,80,100,1.85,IT,1703808207
206,mont-dore,-22.2833,166.5833,33.99000000000001,55,92,3.45,NC,1703808208
207,muisne,0.6,-80.0333,24.680000000000007,89,90,2.66,EC,1703808209
208,alofi,-19.0595,-169.9187,25.660000000000025,79,35,7.17,NU,1703808210
209,itarare,-24.1125,-49.3317,21.210000000000036,53,2,1.62,BR,1703808124
210,orange walk,17.8333,-88.8333,22.870000000000005,95,96,1.39,BZ,1703808212
211,bikenibeu village,1.3673,173.1241,28.99000000000001,74,63,5.92,KI,1703808213
212,maloye ganyushkino,46.6,49.2667,0.020000000000038654,75,66,8.53,KZ,1703808214
213,port douglas,-16.4833,145.4667,29.360000000000014,72,16,1.55,AU,1703808215
214,petropavlovsk-kamchatsky,53.0452,158.6483,-9.75,87,100,1.34,RU,1703808217
215,choyr,46.3611,108.3611,-12.449999999999989,91,100,0.39,MN,1703808218
216,georgetown,5.4112,100.3354,26.640000000000043,89,20,1.03,MY,1703808219
217,yaren,-0.5472,166.916,28.730000000000018,73,71,1.95,NR,1703808220
218,mutsu,41.2894,141.2169,1.6000000000000227,69,38,2.04,JP,1703808221
219,paita,-5.0892,-81.1144,23.590000000000032,79,96,3.47,PE,1703808222
220,altoona,40.5187,-78.3947,8.140000000000043,87,23,2.32,US,1703808194
221,puyang chengguanzhen,35.7028,115.0053,0.010000000000047748,84,100,2.03,CN,1703808224
222,atafu village,-8.5421,-172.5159,29.04000000000002,74,28,4.43,TK,1703808226
223,minas de marcona,-15.2119,-75.1103,18.58000000000004,80,92,3.07,PE,1703808227
224,aripuana,-9.1667,-60.6333,24.129999999999995,93,89,0.87,BR,1703808228
225,beau vallon,-20.4189,57.6953,25.680000000000007,83,40,1.54,MU,1703808229
226,sechura,-5.5569,-80.8222,23.689999999999998,76,99,3.2,PE,1703808230
227,maracacume,-2.0428,-45.9592,24.170000000000016,97,90,1.57,BR,1703808196
228,novodvinsk,64.4165,40.8122,-24.559999999999974,100,79,1.17,RU,1703808232
229,callao,-12.0667,-77.15,25.950000000000045,83,92,3.62,PE,1703808233
230,gulariya,28.2333,81.3333,12.370000000000005,80,0,1.2,NP,1703808233
231,qaqortoq,60.7167,-46.0333,-11.189999999999998,67,76,3.98,GL,1703808234
232,tuy hoa,13.0833,109.3,22.970000000000027,93,68,2.85,VN,1703808235
233,boise,43.6135,-116.2035,5.010000000000048,70,84,1.07,US,1703808015
234,pogranichnyy,44.4064,131.3769,-10.199999999999989,87,81,1.61,RU,1703808238
235,cooper's town,26.8667,-77.5167,20.629999999999995,80,100,6.34,BS,1703808240
236,anadyr,64.75,177.4833,-29.71999999999997,74,40,5.0,RU,1703808241
237,gaspe,48.8334,-64.4819,-0.049999999999954525,85,13,1.25,CA,1703808053
238,mont-laurier,46.5501,-75.4993,2.7900000000000205,99,100,0.98,CA,1703807970
239,hermanus,-34.4187,19.2345,20.450000000000045,80,69,5.98,ZA,1703808245
240,carbonear,47.7332,-53.2148,-1.329999999999984,64,63,5.22,CA,1703808246
241,east london,-33.0153,27.9116,20.78000000000003,78,100,8.87,ZA,1703808247
242,yagoua,10.3411,15.2329,21.650000000000034,25,39,3.33,CM,1703808248
243,boende,-0.2167,20.8667,24.460000000000036,70,21,0.83,CD,1703808249
244,maxixe,-23.8597,35.3472,23.910000000000025,85,100,7.16,MZ,1703808250
245,madanapalle,13.55,78.5,16.33000000000004,97,54,1.29,IN,1703808251
246,port said,31.2565,32.2841,19.220000000000027,74,4,7.89,EG,1703808252
247,dawukou,39.0419,106.3958,-2.359999999999957,45,100,1.27,CN,1703808254
248,cabedelo,-6.9811,-34.8339,26.370000000000005,72,37,4.96,BR,1703808255
249,howard springs,-12.497,131.047,33.26000000000005,73,98,0.56,AU,1703808256
250,punta arenas,-53.15,-70.9167,10.060000000000002,43,0,9.77,CL,1703808152
251,esikhaleni,-28.871,31.8996,19.620000000000005,88,100,0.8,ZA,1703808258
252,kununurra,-15.7667,128.7333,35.25,41,96,2.01,AU,1703808259
253,kocakoy,38.2903,40.5025,3.1200000000000045,61,19,3.3,TR,1703808261
254,maria la baja,9.9832,-75.3016,25.52000000000004,90,76,1.45,CO,1703808262
255,vadso,70.0744,29.7487,-7.909999999999968,93,100,2.57,NO,1703808263
256,mar del plata,-38.0023,-57.5575,20.010000000000048,87,20,3.13,AR,1703808000
257,berdyansk,46.7503,36.7944,4.07000000000005,82,62,5.06,UA,1703808265
258,selfoss,63.9331,-20.9971,-3.3100000000000023,96,97,3.17,IS,1703808266
259,ocos,14.5094,-92.1933,28.100000000000023,74,46,3.91,GT,1703808267
260,castillos,-34.1667,-53.8333,24.360000000000014,66,96,2.76,UY,1703808268
261,suntar,62.1444,117.6319,-38.639999999999986,100,99,0.89,RU,1703808269
262,labrador city,52.9463,-66.9114,-13.049999999999955,85,75,1.54,CA,1703808011
263,utrik,11.2278,169.8474,27.379999999999995,77,95,8.0,MH,1703808271
264,ust-nera,64.5667,143.2,-35.369999999999976,99,100,1.35,RU,1703808272
265,skeldon,5.8833,-57.1333,24.960000000000036,93,97,2.39,GY,1703808274
266,santa maria del oro,25.9333,-105.3667,14.100000000000023,24,62,4.24,MX,1703808275
267,zdunska wola,51.5992,18.9397,4.07000000000005,100,98,4.98,PL,1703808276
268,sinabang,2.4803,96.3801,26.200000000000045,85,94,0.87,ID,1703808277
269,mandalgovi,45.7625,106.2708,-11.359999999999957,87,100,1.73,MN,1703808278
270,santana,-0.0583,-51.1817,30.100000000000023,79,40,4.63,BR,1703808279
271,naze,28.3667,129.4833,17.420000000000016,75,96,4.02,JP,1703808280
272,altai,46.3722,96.2583,-14.859999999999957,94,79,4.28,MN,1703808281
273,kapa'a,22.0752,-159.319,26.99000000000001,90,100,4.63,US,1703808282
274,sucua,-2.4667,-78.1667,21.410000000000025,100,75,1.03,EC,1703808010
275,lugus,5.7036,120.8203,27.420000000000016,80,34,1.43,PH,1703808283
276,hithadhoo,-0.6,73.0833,27.80000000000001,78,99,2.45,MV,1703808284
277,new norfolk,-42.7826,147.0587,17.180000000000007,50,61,3.05,AU,1703808285
278,okhotsk,59.3833,143.3,-26.24999999999997,81,78,5.59,RU,1703808286
279,luderitz,-26.6481,15.1594,15.390000000000043,93,3,2.66,,1703808287
280,el bauga,18.262,33.9081,15.910000000000025,40,0,5.52,SD,1703808289
281,guadalupe y calvo,26.1,-106.9667,7.510000000000048,44,32,1.66,MX,1703808289
282,namtsy,62.7161,129.6658,-48.579999999999984,100,85,0.41,RU,1703808290
283,curillo,1.0333,-75.9191,22.340000000000032,99,91,1.29,CO,1703808291
284,soritor,-6.1392,-77.1039,20.390000000000043,96,87,0.22,PE,1703808292
285,bushehr,28.9684,50.8385,19.05000000000001,72,75,3.09,IR,1703808293
286,tomatlan,19.9333,-105.25,24.060000000000002,60,28,2.65,MX,1703808294
287,levuka,50.1834,-105.4011,2.900000000000034,56,19,4.87,CA,1703808296
288,lycksele,64.5954,18.6735,-15.069999999999993,85,100,0.0,SE,1703808297
289,saint-francois,46.4154,3.9054,6.689999999999998,99,100,1.03,FR,1703808298
290,west lafayette,40.4259,-86.9081,2.090000000000032,93,100,2.57,US,1703808008
291,kapuskasing,49.4169,-82.4331,-3.0,93,18,1.03,CA,1703808301
292,tutoia,-2.7619,-42.2744,27.30000000000001,84,99,5.22,BR,1703808303
293,mao,39.8885,4.2658,15.310000000000002,88,100,2.57,ES,1703808304
294,gondar,12.6,37.4667,13.090000000000032,67,43,1.75,ET,1703808308
295,charters towers,-20.1,146.2667,32.31,44,0,4.37,AU,1703808309
296,carnarvon,-24.8667,113.6333,23.24000000000001,65,0,4.7,AU,1703808310
297,paradip garh,20.3167,86.6167,18.629999999999995,77,2,3.21,IN,1703808312
298,i-n-salah,27.1935,2.4607,15.220000000000027,30,0,7.2,DZ,1703808313
299,qui nhon,13.7667,109.2333,23.120000000000005,91,57,4.8,VN,1703808314
300,yeniseysk,58.4497,92.1703,-4.479999999999961,96,100,1.65,RU,1703808316
301,dakhla,23.6848,-15.958,19.860000000000014,52,62,4.64,EH,1703808317
302,flying fish cove,-10.4217,105.6791,27.100000000000023,74,63,8.96,CX,1703808318
303,takoradi,4.8845,-1.7554,26.75,82,14,1.93,GH,1703808319
304,bayanhongor,46.7167,100.1167,-14.0,97,100,0.78,MN,1703808320
305,pyay,18.8167,95.2167,19.189999999999998,84,17,2.7,MM,1703808321
306,lagoa,39.05,-27.9833,15.870000000000005,73,46,4.41,PT,1703808322
307,fairfield glade,36.0004,-84.8863,3.670000000000016,70,100,2.57,US,1703808323
308,tegueste,28.5167,-16.3167,17.670000000000016,32,0,2.68,ES,1703808310
309,waddan,29.1614,16.139,11.310000000000002,61,13,4.12,LY,1703808325
310,ilebo,-4.3167,20.5833,21.970000000000027,97,100,0.16,CD,1703808326
311,la passe,45.5549,-0.8967,10.010000000000048,94,57,3.33,FR,1703808327
312,aver-o-mar,41.4078,-8.7812,12.910000000000025,91,100,7.8,PT,1703808329
313,popasna,48.6333,38.378,-0.8499999999999659,81,73,4.96,UA,1703808330
314,inari,68.906,27.0288,-10.889999999999986,97,100,0.25,FI,1703808331
315,kristiansund,63.1115,7.732,3.3600000000000136,56,75,5.14,NO,1703808332
316,lianzhou,24.7811,112.3825,13.629999999999995,81,3,0.9,CN,1703808333
317,tanout,14.9709,8.8879,15.04000000000002,27,1,4.76,NE,1703808334
318,touros,-5.1989,-35.4608,26.590000000000032,73,55,5.15,BR,1703808335
319,katoomba,-33.7198,150.3074,21.04000000000002,37,94,1.56,AU,1703808111
320,saint croix,17.7397,-64.7388,23.310000000000002,75,0,2.06,VI,1703808337
321,ardahan,41.1087,42.7022,-12.539999999999964,96,86,1.11,TR,1703808338
322,ambagarh chauki,20.7833,80.7167,14.300000000000011,67,82,1.7,IN,1703808339
323,gubkinskiy,64.434,76.5026,-13.599999999999966,99,87,3.2,RU,1703808340
324,ankang,32.68,109.0172,7.840000000000032,77,99,0.27,CN,1703808341
325,sumbal,34.2333,74.6333,2.2000000000000455,29,0,0.48,IN,1703808342
326,muyuka,4.2898,9.4103,25.78000000000003,72,45,0.69,CM,1703808343
327,international falls,48.6011,-93.411,-1.589999999999975,89,6,2.02,US,1703808344
328,jacutinga,-22.2856,-46.6122,22.160000000000025,57,0,1.77,BR,1703808345
329,barcelos,41.5388,-8.6151,12.689999999999998,97,100,2.85,PT,1703808347
330,ketchikan,55.3422,-131.6461,9.080000000000041,95,100,4.08,US,1703808348
331,wau,7.7029,27.9953,25.74000000000001,27,22,3.74,SS,1703808349
332,richards bay,-28.783,32.0377,19.370000000000005,90,100,0.7,ZA,1703808350
333,iquique,-20.2208,-70.1431,21.08000000000004,81,47,2.75,CL,1703808352
334,huarmey,-10.0681,-78.1522,22.840000000000032,79,69,2.74,PE,1703808354
335,la sarre,48.8002,-79.1996,0.7600000000000477,87,95,2.34,CA,1703808355
336,afaahiti,-17.75,-149.2833,29.930000000000007,88,84,6.1,PF,1703808356
337,bakanas,44.8081,76.2772,3.390000000000043,61,100,3.64,KZ,1703808357
338,saint-paul,-21.0096,55.2707,24.060000000000002,90,86,0.89,RE,1703808358
339,geraldton,-28.7667,114.6,26.230000000000018,38,75,6.69,AU,1703808169
340,ballina,-28.8667,153.5667,30.03000000000003,52,8,2.58,AU,1703808360
341,whangarei,-35.7317,174.3239,25.57000000000005,69,100,3.46,NZ,1703808361
342,chocianow,51.4187,15.9017,5.830000000000041,81,99,4.99,PL,1703808363
343,san antonio de pale,-1.4014,5.6325,27.24000000000001,80,97,3.25,GQ,1703808364
344,krasnogorskoye,52.2953,86.1979,-9.949999999999989,99,85,2.13,RU,1703808365
345,tumut,-35.3,148.2167,24.860000000000014,39,100,3.68,AU,1703808118
346,gus'-khrustal'nyy,55.6111,40.6519,-9.939999999999998,95,100,3.14,RU,1703808368
347,cooma,-36.2333,149.1333,22.340000000000032,46,85,2.26,AU,1703808369
348,vinita,36.6387,-95.1541,3.0100000000000477,85,90,0.89,US,1703808370
349,acarau,-2.8856,-40.12,27.110000000000014,83,100,5.75,BR,1703808371
350,fale old settlement,-9.3852,-171.2468,29.220000000000027,72,59,3.38,TK,1703808372
351,natal,-5.795,-35.2094,26.27000000000004,72,14,3.65,BR,1703808074
352,luau,-10.7073,22.2247,17.879999999999995,99,75,1.91,AO,1703808350
353,kajuru,10.3192,7.6892,17.200000000000045,30,17,3.0,NG,1703808375
354,kenora,49.8167,-94.4337,-3.4599999999999795,93,100,1.54,CA,1703808283
355,rio grande,-32.035,-52.0986,24.970000000000027,73,54,1.57,BR,1703808377
356,nahrin,36.0649,69.1334,7.350000000000023,21,0,0.49,AF,1703808378
357,bartica,6.4,-58.6167,27.180000000000007,92,100,1.7,GY,1703808379
358,quellon,-43.1167,-73.6167,12.730000000000018,77,41,2.87,CL,1703808204
359,inhambane,-23.865,35.3833,24.30000000000001,84,100,7.95,MZ,1703808380
360,canutama,-6.5339,-64.3831,24.27000000000004,95,97,0.94,BR,1703808381
361,duverge,18.3784,-71.5247,26.03000000000003,89,98,0.26,DO,1703808382
362,greymouth,-42.4667,171.2,17.24000000000001,98,100,4.77,NZ,1703808383
363,kamaishi,39.2667,141.8833,4.830000000000041,80,78,1.32,JP,1703808384
364,nar'yan-mar,67.6713,53.087,-17.71999999999997,97,27,3.58,RU,1703808385
365,dalandzadgad,43.5708,104.425,-8.060000000000002,75,97,3.75,MN,1703808386
366,dubbo,-32.25,148.6167,30.689999999999998,29,60,5.01,AU,1703808387
367,ahtari,62.554,24.0619,-8.229999999999961,100,100,3.02,FI,1703808389
368,kiunga,-6.1219,141.2906,29.28000000000003,74,98,0.62,PG,1703808389
369,kemin,42.7846,75.6892,2.640000000000043,57,96,4.57,KG,1703808390
370,shantobe,52.4581,68.1839,0.21000000000003638,98,100,9.69,KZ,1703808391
371,moundsville,39.9203,-80.7431,7.970000000000027,82,83,0.45,US,1703808392
372,fada,9.5667,8.3,18.890000000000043,31,49,2.28,NG,1703808394
373,guerrero negro,27.9769,-114.0611,19.52000000000004,65,38,6.25,MX,1703808395
374,aberdeen,57.1437,-2.0981,5.300000000000011,80,100,5.18,GB,1703808308
375,brunswick,41.2381,-81.8418,6.830000000000041,91,100,3.6,US,1703808244
376,demyansk,57.643,32.466,-2.669999999999959,96,99,3.13,RU,1703808397
377,aleg,17.0481,-13.9209,26.420000000000016,9,23,4.48,MR,1703808398
378,amasra,41.7463,32.3863,9.240000000000009,63,5,2.5,TR,1703808399
379,visby,57.6409,18.296,5.020000000000039,90,91,7.57,SE,1703808377
380,port alfred,-33.5906,26.891,20.80000000000001,80,100,11.49,ZA,1703808401
381,tucuma,-0.1833,-50.05,25.760000000000048,90,22,2.54,BR,1703808402
382,puerto deseado,-47.7503,-65.8938,10.04000000000002,55,61,9.02,AR,1703808403
383,howrah,22.5892,88.3103,17.0,88,0,2.06,IN,1703808404
384,dunedin,-45.8742,170.5036,23.930000000000007,50,100,1.39,NZ,1703808160
385,novouzensk,50.4592,48.1431,-3.659999999999968,87,25,6.93,RU,1703808406
386,susuman,62.7833,148.1667,-35.25999999999999,100,100,1.14,RU,1703808407
387,nueva gerona,21.8833,-82.8,22.160000000000025,77,65,3.97,CU,1703808408
388,morant bay,17.8815,-76.4093,25.390000000000043,79,63,1.14,JM,1703808409
389,okahandja,-21.9833,16.9167,16.180000000000007,69,0,4.28,,1703808410
390,porrentruy,47.4153,7.0752,7.6200000000000045,80,94,2.46,CH,1703808411
391,mount isa,-20.7333,139.5,36.870000000000005,34,0,5.14,AU,1703808412
392,kutum,14.2,24.6667,12.740000000000009,33,46,2.84,SD,1703808413
393,lucapa,-8.4192,20.7447,18.980000000000018,98,91,1.31,AO,1703808415
394,maceio,-9.6658,-35.7353,26.24000000000001,74,89,3.17,BR,1703808417
395,lionel town,17.8101,-77.2406,24.82000000000005,82,80,1.15,JM,1703808418
396,pskov,57.8136,28.3496,0.12999999999999545,98,100,3.39,RU,1703808419
397,bunumbu,8.1667,-10.8667,20.140000000000043,43,16,0.51,SL,1703808420
398,riosucio,5.4216,-75.7032,16.110000000000014,98,83,0.83,CO,1703808403
399,cochrane,51.1834,-114.4687,1.1200000000000045,84,3,2.64,CA,1703808422
400,nantucket,41.2835,-70.0995,11.060000000000002,100,100,7.72,US,1703808125
401,ca mau,9.1769,105.15,25.220000000000027,83,20,3.69,VN,1703808426
402,lethem,3.3803,-59.7968,30.260000000000048,54,99,4.43,GY,1703808428
403,raduzhny,62.0961,77.475,-10.519999999999982,97,94,2.6,RU,1703808430
404,ancud,-41.8697,-73.8203,13.840000000000032,89,42,2.92,CL,1703808431
405,temiskaming shores,47.4938,-79.7153,0.4800000000000182,94,98,1.15,CA,1703808169
406,taoudenni,22.6783,-3.9836,16.57000000000005,15,2,4.77,ML,1703808433
407,pingliang,35.5392,106.6861,0.5900000000000318,62,61,1.13,CN,1703808434
408,guingamp,48.4167,-3.3333,9.590000000000032,85,99,8.03,FR,1703808435
409,kirakira,-10.4544,161.9205,29.970000000000027,70,100,3.35,SB,1703808436
410,vilyuchinsk,52.9306,158.4028,-8.92999999999995,84,100,2.73,RU,1703808437
411,bel ombre,-4.6167,55.4167,27.850000000000023,77,31,1.1,SC,1703808439
412,chernyshevsk,52.5243,117.0174,-28.809999999999974,100,88,0.31,RU,1703808440
413,palpa,-14.5336,-75.1856,25.180000000000007,64,99,2.82,PE,1703808441
414,berezovyy,51.6667,135.7,-21.409999999999968,86,100,0.64,RU,1703808442
415,progreso,21.2833,-89.6667,22.840000000000032,72,20,4.83,MX,1703808443
416,douglas,41.3,-96.167,0.8799999999999955,89,100,7.2,US,1703808148
417,khandyga,62.6667,135.6,-51.39999999999998,100,89,0.1,RU,1703808445
418,moroni,-11.7022,43.2551,27.82000000000005,78,98,0.73,KM,1703808446
419,saldanha,-33.0117,17.9442,16.660000000000025,93,26,3.44,ZA,1703808447
420,gebeit,21.0667,36.3167,16.400000000000034,89,2,1.66,SD,1703808448
421,gadzhiyevo,69.2551,33.3362,-14.129999999999995,99,91,2.98,RU,1703808449
422,nema,57.5067,50.5011,-10.819999999999993,94,100,4.5,RU,1703808450
423,huron,41.1501,-82.5499,7.230000000000018,85,92,3.76,US,1703808451
424,dombarovskiy,50.7587,59.5386,-7.21999999999997,87,100,13.86,RU,1703808452
425,atar,20.5169,-13.0499,22.460000000000036,10,0,3.14,MR,1703808454
426,lamu,-2.2717,40.902,25.120000000000005,89,100,3.92,KE,1703808455
427,bandarbeyla,9.4942,50.8122,24.860000000000014,81,100,7.35,SO,1703808456
428,sungai penuh,-2.0833,101.3833,19.410000000000025,96,98,1.37,ID,1703808446
429,homer,59.6425,-151.5483,-8.069999999999993,90,61,1.19,US,1703808352
430,wuyang,31.9925,116.2472,5.400000000000034,79,62,1.65,CN,1703808458
431,saint-louis,16.3333,-15.0,26.57000000000005,10,46,4.28,SN,1703808459
432,banjarmasin,-3.3244,114.591,26.82000000000005,85,9,1.32,ID,1703808461
433,east ballina,-28.8667,153.5833,29.620000000000005,55,9,2.74,AU,1703808462
434,es castell,39.8795,4.2854,15.379999999999995,88,100,2.57,ES,1703808463
435,pamandzi,-12.7967,45.2794,26.879999999999995,89,20,1.03,YT,1703808464
436,papao,-17.75,-149.55,30.82000000000005,88,77,7.27,PF,1703808465
437,prince rupert,54.3161,-130.3201,8.050000000000011,93,100,5.14,CA,1703808466
438,musan-up,42.2261,129.2078,-9.629999999999995,76,6,2.28,KP,1703808467
439,evinayong,1.4368,10.5512,20.810000000000002,99,28,1.05,GQ,1703808468
440,lautoka,-17.6167,177.4667,31.920000000000016,51,20,5.14,FJ,1703808348
441,mukalla,14.5425,49.1242,23.120000000000005,77,22,1.92,YE,1703808470
442,bubaque,11.2833,-15.8333,25.900000000000034,82,5,3.13,GW,1703808471
443,christchurch,-43.5333,172.6333,25.74000000000001,70,66,7.38,NZ,1703808375
444,vorkuta,67.5,64.0,-12.279999999999973,89,100,3.88,RU,1703808473
445,saint-pierre,-21.3393,55.4781,23.82000000000005,69,20,2.57,RE,1703808474
446,kalmunai,7.4167,81.8167,24.840000000000032,90,100,1.79,LK,1703808475
447,el granada,37.5027,-122.4694,20.120000000000005,86,100,5.14,US,1703808476
448,jiagedaqi,50.4167,124.1167,-24.20999999999998,100,69,1.26,CN,1703808477
449,castlegar,49.2998,-117.6689,5.720000000000027,95,89,0.79,CA,1703808478
450,yen bai,21.7,104.8667,16.090000000000032,87,46,0.9,VN,1703808479
451,alavus,62.5833,23.6167,-5.0499999999999545,99,100,2.99,FI,1703808480
452,san pedro pochutla,15.7333,-96.4667,24.879999999999995,73,84,1.63,MX,1703808481
453,kolonia town,6.964,158.206,28.129999999999995,75,100,3.22,FM,1703808482
454,tocopilla,-22.092,-70.1979,21.689999999999998,67,73,3.24,CL,1703808483
455,saint-philippe,-21.3585,55.7679,23.77000000000004,83,80,4.17,RE,1703808484
456,brookings,44.3114,-96.7984,0.060000000000002274,96,100,5.14,US,1703808232
457,machico,32.7,-16.7667,20.400000000000034,41,85,4.78,PT,1703808486
458,mallammaduri,12.565,9.9573,17.55000000000001,24,4,4.28,NG,1703808488
459,seven pagodas,12.6264,80.1722,25.03000000000003,80,96,6.32,IN,1703808489
460,plastun,44.7561,136.2939,-8.70999999999998,64,100,2.24,RU,1703808490
461,choibalsan,48.0667,114.5,-12.349999999999966,95,95,0.73,MN,1703808491
462,menominee,45.1078,-87.6143,3.0400000000000205,87,100,5.14,US,1703808492
463,gawler,-34.6,138.7333,24.700000000000045,56,1,3.49,AU,1703808493
464,abadeh,31.1608,52.6506,6.550000000000011,77,98,1.81,IR,1703808494
465,puerto baquerizo moreno,-0.9,-89.6,24.439999999999998,85,90,4.5,EC,1703808496
466,luebo,-5.35,21.4167,21.29000000000002,98,97,0.31,CD,1703808497
467,mountain home,43.133,-115.6912,4.1200000000000045,78,68,1.53,US,1703808316
468,kayangel,8.0823,134.7173,28.260000000000048,79,85,5.46,PW,1703808499
469,dzhankoy,45.7167,34.4,3.6000000000000227,67,96,3.79,UA,1703808500
470,alaghsas,17.0187,8.0168,16.55000000000001,25,100,4.35,NE,1703808501
471,talcahuano,-36.7167,-73.1167,14.29000000000002,94,52,1.69,CL,1703808503
472,bryne,58.7354,5.6477,6.660000000000025,96,100,5.14,NO,1703808504
473,bhimunipatnam,17.8833,83.4333,19.689999999999998,84,45,2.28,IN,1703808505
474,minusinsk,53.7103,91.6875,-9.859999999999957,96,86,1.47,RU,1703808507
475,tchibanga,-2.85,11.0333,23.120000000000005,96,100,0.9,GA,1703808508
476,lerwick,60.1545,-1.1494,3.0,80,99,6.16,GB,1703808509
477,sandnessjoen,66.0217,12.6316,-13.039999999999964,67,100,7.88,NO,1703808510
478,gurlan,41.8447,60.3919,3.0400000000000205,60,60,8.98,UZ,1703808511
479,puerto lempira,15.2667,-83.7667,25.350000000000023,86,73,2.99,HN,1703808512
480,milcovul,45.65,27.25,5.560000000000002,59,28,0.38,RO,1703808513
481,cabo san lucas,22.8909,-109.9124,24.860000000000014,46,1,0.45,MX,1703808343
482,prince george,53.9166,-122.753,6.830000000000041,70,93,2.22,CA,1703808515
483,pamanukan,-6.2842,107.8106,27.33000000000004,79,57,1.6,ID,1703808516
484,genhe,50.7833,121.5167,-28.409999999999968,100,100,0.59,CN,1703808519
485,morinville,53.8001,-113.652,3.2100000000000364,58,2,2.67,CA,1703808520
486,fort bragg,35.139,-79.006,10.110000000000014,88,0,0.0,US,1703808521
487,chernogorsk,53.8236,91.2842,-10.489999999999952,95,97,0.39,RU,1703808522
488,kailua-kona,19.6406,-155.9956,24.340000000000032,92,10,3.37,US,1703808523
489,rabigh,22.7986,39.0349,23.400000000000034,61,55,4.73,SA,1703808524
490,hwange,-18.3693,26.5019,18.30000000000001,88,43,1.77,ZW,1703808525
491,al bawiti,28.3492,28.8659,16.04000000000002,75,85,5.18,EG,1703808526
492,tomarza,38.4472,35.7992,1.3799999999999955,75,0,1.98,TR,1703808527
493,dharan,26.8125,87.2835,14.79000000000002,66,2,2.48,NP,1703808528
494,hobyo,5.3505,48.5268,25.52000000000004,83,91,7.06,SO,1703808529
495,bosaso,11.2842,49.1816,23.980000000000018,89,92,1.14,SO,1703808530
496,forster,-32.1667,152.5167,29.05000000000001,57,9,3.75,AU,1703808531
497,linares,-35.85,-71.6,20.30000000000001,61,51,0.04,CL,1703808532
498,cadale,2.7603,46.3222,26.03000000000003,85,100,8.25,SO,1703808533
499,pacasmayo,-7.4006,-79.5714,22.850000000000023,76,99,4.03,PE,1703808534
500,crane,31.3974,-102.3501,10.270000000000039,35,29,2.43,US,1703808535
501,chadan,51.2833,91.5833,-21.049999999999983,97,82,1.37,RU,1703808536
502,sinop,41.7711,34.8709,5.770000000000039,77,63,4.74,TR,1703808537
503,imbituba,-28.24,-48.6703,22.980000000000018,87,7,6.07,BR,1703808538
504,ugoofaaru,5.6667,73.0,28.02000000000004,82,100,10.28,MV,1703808539
505,miramar beach,30.3744,-86.3586,12.010000000000048,58,0,1.54,US,1703808436
506,t'ongch'on-up,38.9539,127.8917,-0.9799999999999613,75,7,3.56,KP,1703808541
507,baoshan,46.5586,131.4244,-10.739999999999952,89,100,3.16,CN,1703808542
508,keflavik,64.0049,-22.5624,-0.7599999999999909,93,75,2.57,IS,1703808543
509,at taj,24.2049,23.2857,10.420000000000016,63,0,3.69,LY,1703808544
510,yung shue wan,22.2333,114.1167,19.860000000000014,81,39,1.34,HK,1703808545
511,massawa,15.6097,39.45,27.07000000000005,67,12,2.2,ER,1703808546
512,kasempa,-13.4584,25.8338,18.410000000000025,96,100,3.3,ZM,1703808547
513,maraba,-5.3686,-49.1178,24.0,93,90,0.62,BR,1703808534
514,carutapera,-1.195,-46.02,25.28000000000003,94,47,2.27,BR,1703808549
515,pariaman,-0.619,100.12,25.03000000000003,88,56,1.6,ID,1703808550
516,mana,5.6592,-53.7767,25.75,90,100,2.81,GF,1703808381
517,soure,-0.7167,-48.5233,26.939999999999998,84,43,4.05,BR,1703808552
518,kholmsk,47.0511,142.0569,-8.129999999999995,65,98,4.49,RU,1703808553
519,monrovia,6.3005,-10.7969,26.510000000000048,85,50,1.91,LR,1703808554
520,zag,46.9441,99.165,-13.729999999999961,95,100,1.71,MN,1703808556
521,nyandoma,61.669,40.1991,-14.079999999999984,97,99,1.83,RU,1703808556
522,ghanzi,-21.5667,21.7833,21.180000000000007,69,22,5.55,BW,1703808557
523,bucerias,20.75,-105.3333,25.99000000000001,53,0,3.6,MX,1703808558
524,kertih,4.5141,103.4483,24.700000000000045,93,66,1.78,MY,1703808560
525,pontianak,-0.0333,109.3333,24.99000000000001,100,40,1.54,ID,1703808561
526,pacific grove,36.6177,-121.9166,18.140000000000043,86,75,4.92,US,1703808562
527,chonchi,-42.6128,-73.8092,13.57000000000005,83,70,0.62,CL,1703808563
528,coronel suarez,-37.4547,-61.9334,22.0,49,98,5.24,AR,1703808564
529,pekalongan,-6.8886,109.6753,28.02000000000004,77,46,1.02,ID,1703808565
530,taishan,22.2514,112.7799,18.52000000000004,65,25,0.79,CN,1703808566
531,praia da vitoria,38.7333,-27.0667,14.25,77,38,2.68,PT,1703808567
532,banda aceh,5.5577,95.3222,25.49000000000001,86,49,5.69,ID,1703808568
533,margate,51.3813,1.3862,10.939999999999998,81,97,3.58,GB,1703808327
534,concepcion,-36.827,-73.0498,14.560000000000002,92,64,0.96,CL,1703808570
535,staryye ozinki,51.1786,49.6769,-6.5499999999999545,86,77,7.95,RU,1703808571
536,akrehamn,59.2667,5.1833,6.900000000000034,93,75,5.14,NO,1703808573
537,kavaratti,10.5669,72.642,28.30000000000001,69,81,5.53,IN,1703808574
538,illizi,26.4833,8.4667,17.27000000000004,13,0,3.59,DZ,1703808575
539,paranaiba,-19.6772,-51.1908,29.890000000000043,37,52,2.31,BR,1703808529
540,marsh harbour,26.5412,-77.0636,21.27000000000004,77,100,6.66,BS,1703808577
541,meiktila,20.8667,95.8667,18.850000000000023,79,55,2.94,MM,1703808578
542,san luis de la loma,17.2706,-100.8939,24.82000000000005,73,0,2.57,MX,1703808579
543,machiques,10.0644,-72.545,27.58000000000004,76,85,1.32,VE,1703808580
544,san jose de feliciano,-30.3845,-58.7517,24.810000000000002,83,82,7.16,AR,1703808581
545,semporna,4.4818,118.6112,27.390000000000043,83,37,3.12,MY,1703808582
546,evanston,42.0411,-87.6901,5.6200000000000045,86,100,6.17,US,1703808346
547,cuito,-12.3833,16.9333,15.07000000000005,95,97,2.47,AO,1703808584
548,oban,56.4127,-5.4706,7.970000000000027,88,100,8.83,GB,1703808586
549,rasht,37.2808,49.5832,9.090000000000032,86,100,2.96,IR,1703808587
550,valparaiso,-33.0393,-71.6273,17.80000000000001,77,40,2.57,CL,1703808587
551,swakopmund,-22.6833,14.5333,17.210000000000036,85,0,2.33,,1703808328
552,hampton bays,40.869,-72.5176,9.080000000000041,97,100,6.71,US,1703808591
